{
    "LogisticRegression": {
        "mean_score": 0.9736263736263737,
        "std": 0.01785502946073838,
        "all_scores": [
            0.978021978021978,
            0.967032967032967,
            1.0,
            0.978021978021978,
            0.945054945054945
        ]
    },
    "RandomForest": {
        "mean_score": 0.956043956043956,
        "std": 0.01838813245129835,
        "all_scores": [
            0.978021978021978,
            0.945054945054945,
            0.978021978021978,
            0.9340659340659341,
            0.945054945054945
        ]
    },
    "XGBoost": {
        "mean_score": 0.964835164835165,
        "std": 0.014578570507056717,
        "all_scores": [
            0.9560439560439561,
            0.967032967032967,
            0.989010989010989,
            0.967032967032967,
            0.945054945054945
        ]
    }
}